,chain,putative,name,seed,length,mean_read_depth,gene_density,num_cds,gc_content,circular
plasmid_0,"12+,23+,13+,33-,24-,27-,27-,2+,32-,29-,32-,28+,25+,21-,34+,22+,11-",False,plasmid_0,34,511925,1.073308,0.012683,29,0.378805,False
plasmid_1,"26-,15-,35-,21-,34+,22+,31+,36+,5+",False,plasmid_1,34,274708,1.234105,0.019857,11,0.389177,False
plasmid_2,"8+,23+,3+,25+,21-,34+,22+",False,plasmid_2,34,428057,1.204058,0.012155,13,0.389883,False
plasmid_3,"32+,29+",False,plasmid_3,29,565,0.871637,0.672566,5,0.511504,True
plasmid_4,22+,True,plasmid_4,22,1774,6.256741,0.883315,2,0.514092,False
plasmid_5,"21+,25-",True,plasmid_5,21,3893,4.267378,0.896224,9,0.496532,False
plasmid_6,"37-,21+,35+,18-,26+,9-",False,plasmid_6,21,121370,0.953643,0.029851,12,0.378075,False
plasmid_7,35+,False,plasmid_7,35,80,0.415631,0.925,1,0.475,False
