,chain,putative,name,seed,length,mean_read_depth,gene_density,num_cds,gc_content,circular
plasmid_0,27+,True,plasmid_0,27,8929,0.611334,0.902565,10,0.345503,False
plasmid_1,"33+,52+,46-,30-",True,plasmid_1,33,10989,0.436976,0.499044,8,0.335244,False
plasmid_2,"36-,52+,46-,60-,54-,28+,43-,49+,40+,49-",True,plasmid_2,40,12856,0.700007,0.489888,13,0.35322,False
plasmid_3,26+,True,plasmid_3,26,9331,8.000861,0.745151,9,0.371664,True
plasmid_4,31+,True,plasmid_4,31,5144,14.035431,0.700816,8,0.368585,True
plasmid_5,"46-,60-,18+,61+,48+",True,plasmid_5,48,29316,0.622673,0.416394,16,0.355096,True
plasmid_6,"61+,48+,46-",False,plasmid_6,48,708,1.088029,0.475989,2,0.372881,False
plasmid_7,"29+,48+",False,plasmid_7,48,6740,0.741253,0.068546,2,0.387834,False
