,chain,putative,name,seed,length,mean_read_depth,gene_density,num_cds,gc_content,circular
plasmid_0,"40-,107+,57+",False,plasmid_0,57,13207,0.392354,0.362535,13,0.309609,False
plasmid_1,45+,False,plasmid_1,45,6912,0.39045,0.682292,14,0.310475,False
plasmid_2,"39-,143+,75+,143+,51-,48+,68+,73+",True,plasmid_2,75,26325,0.687151,0.494777,52,0.336676,False
plasmid_3,55+,True,plasmid_3,55,4123,0.770379,0.754063,3,0.346592,False
plasmid_4,79+,False,plasmid_4,79,1196,0.744186,0.506689,1,0.352007,False
plasmid_5,"144+,152+,113+,140+,124+,157-,220-,160+,80+,165+,99+,46+,126+,142+,138-,52-,118+,70+,103-,56-,60+,86+,97+,159+,58+,71+",True,plasmid_5,46,34270,0.978278,0.379895,19,0.342399,False
plasmid_6,"46+,127+,142+,137-",False,plasmid_6,46,7829,0.388335,0.831907,9,0.347554,False
plasmid_7,"230+,91+,145+,110+,223-,83-,119-,51+",True,plasmid_7,51,7696,0.654949,0.369283,11,0.352261,False
