,chain,putative,name,seed,length,mean_read_depth,gene_density,num_cds,gc_content,circular
plasmid_0,"53-,39+,50-,63-,52+,34+,42-,41+,42+,33+,53+,64+,48-,54+,32-",True,plasmid_0,33,19825,0.826064,0.622547,21,0.333619,False
plasmid_1,"42+,35+",True,plasmid_1,35,4835,0.608588,0.625853,11,0.316856,False
plasmid_2,"26+,60-,57+,46-",True,plasmid_2,26,11203,0.932718,0.810854,11,0.336874,False
plasmid_3,"62-,47+,56-,29+,62+,65-,48-,54+,23-,42-",True,plasmid_3,29,28288,0.906791,0.432975,42,0.356229,False
plasmid_4,"65-,48-,67-,30+,46-,28+",False,plasmid_4,30,14546,0.988302,0.192493,7,0.36663,False
plasmid_5,31+,True,plasmid_5,31,5151,4.498966,0.559503,7,0.369443,True
plasmid_6,"67+,48+,64-",False,plasmid_6,48,457,2.209139,0.533917,1,0.367615,False
