,chain,putative,name,seed,length,mean_read_depth,gene_density,num_cds,gc_content,circular
plasmid_0,"111+,89+,86+,109-,36+,46-,97-,35+",True,plasmid_0,35,10441,0.474735,0.788239,35,0.334068,True
plasmid_1,23+,True,plasmid_1,23,27231,0.730521,0.852741,54,0.335537,False
plasmid_2,"109+,86-,89-,58+,86+,99+,33-,46-,97-,34-",True,plasmid_2,86,11920,0.881885,0.310738,14,0.375419,False
plasmid_3,"97+,46+,26+,111+,89+,86+,99+,104-",True,plasmid_3,86,19632,1.10115,0.313824,15,0.385391,False
plasmid_4,"86+,99+",False,plasmid_4,86,330,0.535692,0.739394,1,0.390909,False
plasmid_5,"46+,38+",False,plasmid_5,46,5170,0.414582,0.224952,4,0.335397,False
plasmid_6,46+,False,plasmid_6,46,1242,0.606642,0.936393,4,0.36876,False
