,chain,putative,name,seed,length,mean_read_depth,gene_density,num_cds,gc_content,circular
plasmid_0,"6-,17-,5-,16+,28+,15-,24+,20+,4-,17-,8-",False,plasmid_0,28,851404,1.07014,0.006283,15,0.380402,False
plasmid_1,"29-,3+,29+,23-,16+,28+,15-,24+,20+,7-",False,plasmid_1,28,465330,1.174114,0.063753,97,0.384329,False
plasmid_2,"22+,18+,11+,18+,12-,18-",True,plasmid_2,11,60438,0.594343,0.84298,258,0.333002,False
plasmid_3,14+,True,plasmid_3,14,3174,6.560723,0.573409,7,0.328607,True
plasmid_4,"20-,24-,15+",True,plasmid_4,15,3893,5.048389,0.896224,9,0.496789,False
plasmid_5,"34+,26+,30+,33+,26+,1-,31+,10+,15+,35-,16-,23+",False,plasmid_5,15,941997,0.894706,0.009306,20,0.372444,False
plasmid_6,16+,True,plasmid_6,16,1815,6.661797,0.863361,2,0.510193,False
plasmid_7,"22+,18+",False,plasmid_7,18,1366,1.243326,0.571742,5,0.374085,False
