,chain,putative,name,seed,length,mean_read_depth,gene_density,num_cds,gc_content,circular
plasmid_0,"39+,34-,22+,18+,32+,31-,39+,1+,41+,19+,38+,21+,10-,24-",False,plasmid_0,38,1009521,1.001152,0.026542,157,0.370255,False
plasmid_1,"42+,5-,24-,27+,29+,3+,25-,19+,38+,21+,42+,44-,35+,4-,35-,43-,42-",False,plasmid_1,38,842463,1.059585,0.031739,70,0.384379,False
plasmid_2,"40-,17+,40+,31+,33-,13-,26-,8+,26-,20+",True,plasmid_2,8,102474,1.199051,0.830181,258,0.346322,False
plasmid_3,"28+,29+,7+,23-,9+,23+,15+,23-,16-,23-,12+,36-,14+,33+,31-",False,plasmid_3,14,300686,0.916012,0.070622,46,0.358081,False
plasmid_4,21+,True,plasmid_4,21,1748,2.957329,0.896453,2,0.517162,False
plasmid_5,"31+,32-,2+,22+,11+,41+,19+",False,plasmid_5,19,549735,0.950202,0.010059,34,0.374462,False
plasmid_6,"37-,6+,25-,19+",False,plasmid_6,19,159845,1.048811,0.029447,26,0.383071,False
plasmid_7,"41+,19+",True,plasmid_7,19,3359,0.728736,0.924085,4,0.493599,False
plasmid_8,31+,False,plasmid_8,31,373,0.770395,0.506702,1,0.367292,False
