,chain,putative,name,seed,length,mean_read_depth,gene_density,num_cds,gc_content,circular
plasmid_0,39+,True,plasmid_0,39,25380,0.497363,0.884358,51,0.326832,False
plasmid_1,"34+,104+,85+,96-,74-,91+,103+,102+",True,plasmid_1,34,39008,0.96516,0.840007,68,0.350185,False
plasmid_2,"35+,40-",True,plasmid_2,35,56288,0.800695,0.740353,102,0.350483,False
plasmid_3,"56+,112-,54+",True,plasmid_3,54,21238,0.675032,0.424663,21,0.343865,False
plasmid_4,"112-,54+",False,plasmid_4,54,10995,0.522158,0.795725,19,0.367713,False
plasmid_5,72+,True,plasmid_5,72,5143,19.068262,0.700953,8,0.368073,True
plasmid_6,"84-,104-,42+",True,plasmid_6,42,26358,1.258686,0.461568,14,0.363874,False
plasmid_7,"50-,88+,51-,88+,25-",False,plasmid_7,88,75463,0.894571,0.025443,1,0.380412,False
