,chain,putative,name,seed,length,mean_read_depth,gene_density,num_cds,gc_content,circular
plasmid_0,"5+,22+,13-,35-,15+,31+,16+,6+,20-,23+,25-,2+,21-,15+,39+,16+,38-,4-,28+,38+",False,plasmid_0,31,1115248,1.055951,0.027302,107,0.383049,False
plasmid_1,"1+,22+,12-,35-,15+,31+,16+,38-,28-",False,plasmid_1,31,1009658,0.893594,0.008236,13,0.372061,False
plasmid_2,"20-,24+,25-,8-,18-,14-,19-,17-,19+,11+,18-,3+,21-,15+,31+,16+,38-",False,plasmid_2,31,424534,1.052121,0.130272,248,0.376257,False
plasmid_3,"35-,15+",True,plasmid_3,15,3363,2.28682,0.922985,4,0.492715,False
plasmid_4,16+,True,plasmid_4,16,1866,2.185327,0.839764,2,0.503215,False
plasmid_5,18+,False,plasmid_5,18,1042,0.481422,0.891555,12,0.350288,False
plasmid_6,21+,False,plasmid_6,21,610,0.990313,0.752459,6,0.514754,False
