,chain,putative,name,seed,length,mean_read_depth,gene_density,num_cds,gc_content,circular
plasmid_0,"16+,23-,18+,23+,19-,23+",True,plasmid_0,16,44362,0.806165,0.851224,214,0.349917,False
plasmid_1,"11+,25-,21+,26+,20-,27+,9+",False,plasmid_1,26,199503,1.101488,0.027343,11,0.387764,False
plasmid_2,"13-,25-,21+,26+,20-,24+,10-",False,plasmid_2,26,179241,1.054605,0.029028,13,0.386753,False
plasmid_3,"17+,28-,21+,26+,20-,27+,15+",False,plasmid_3,26,79695,1.005459,0.066039,15,0.38419,False
plasmid_4,"29-,21-,28+,4+,22+,2+,24-,20+",False,plasmid_4,20,602730,1.010077,0.010652,30,0.377589,True
plasmid_5,"24-,20+",True,plasmid_5,20,3893,1.463974,0.896224,9,0.496275,False
plasmid_6,21+,True,plasmid_6,21,1804,2.438403,0.868625,2,0.511641,False
