,chain,putative,name,seed,length,mean_read_depth,gene_density,num_cds,gc_content,circular
plasmid_0,"64+,54+,12+,57+,18+,56+,45-,38+,57+,32-",True,plasmid_0,18,184904,0.979495,0.31618,145,0.36487,False
plasmid_1,"5-,61-,50-,26+,56+,45-,38+,57+",False,plasmid_1,26,199001,0.936293,0.113296,65,0.373244,False
plasmid_2,36+,True,plasmid_2,36,6401,0.584138,0.773942,27,0.333854,False
plasmid_3,"55-,17-,55+,50+,60-,37+,60+",False,plasmid_3,37,69109,0.901136,0.075243,11,0.375204,False
plasmid_4,42+,True,plasmid_4,42,2460,0.911394,0.728862,5,0.39878,True
plasmid_5,"2+,47-,16+,47+,29+,47+,27-,47-",False,plasmid_5,47,387612,0.939497,0.009907,1,0.369467,False
plasmid_6,"55+,50+",False,plasmid_6,55,706,1.575245,0.134561,1,0.371105,False
