,chain,putative,name,seed,length,mean_read_depth,gene_density,num_cds,gc_content,circular
plasmid_0,"90-,103-,115-,87+,113+,61+,80+,101-,92+,37+",True,plasmid_0,87,24288,0.78157,0.628294,36,0.349514,False
plasmid_1,"102-,115-,87+",False,plasmid_1,87,1172,0.560684,0.441126,3,0.360922,False
plasmid_2,"46+,56+,54+,71+,66+,63-,97-,79-,94+,110-,108+",True,plasmid_2,46,21102,1.347739,0.526443,30,0.355985,False
plasmid_3,"58+,70-,69+",True,plasmid_3,58,5272,1.348372,0.718513,11,0.374621,False
plasmid_4,"109-,110+,95-,79+,98+,91+,66-,84+,54-,40+",True,plasmid_4,40,21611,0.688016,0.484799,34,0.345981,False
plasmid_5,"100-,119-,74+,67-,99-",False,plasmid_5,74,3741,2.140874,0.27506,2,0.368351,False
plasmid_6,"82+,61+,73+,122+,140+,92+,111-,121+,105-,120-,48+",True,plasmid_6,48,12383,1.471237,0.485747,13,0.36752,False
plasmid_7,"120-,62-,70+,6-,134+",False,plasmid_7,70,144749,1.146477,0.008035,4,0.377184,False
plasmid_8,"61+,80+,101-,92+",False,plasmid_8,61,3651,0.655011,0.617091,8,0.381539,False
