,chain,putative,name,seed,length,mean_read_depth,gene_density,num_cds,gc_content,circular
plasmid_0,"29+,46-,43+,91+,38+,91+,59+,54-,46+,51-,39+,39+",True,plasmid_0,29,23934,0.607275,0.592713,45,0.346662,False
plasmid_1,"16+,60+,65+",True,plasmid_1,16,39324,0.803338,0.882794,73,0.346201,False
plasmid_2,"41-,78+,34+,24+,46+,2-",False,plasmid_2,24,361467,0.943012,0.036451,52,0.371713,False
plasmid_3,"84+,84+,79+,103+,87-,22+,76+,72-,95-,32-,95+",True,plasmid_3,22,24310,0.492486,0.557055,21,0.311888,False
plasmid_4,"5-,96+,72+,76-,21+,92+,41-",False,plasmid_4,21,201922,0.920105,0.108542,65,0.370698,False
plasmid_5,"62-,8+,49-,15+,49+,26-,49+,23-,49-,20-",False,plasmid_5,49,280475,0.911572,0.013691,1,0.362581,False
