,chain,putative,name,seed,length,mean_read_depth,gene_density,num_cds,gc_content,circular
plasmid_0,"31-,19-,27-,16-,23+,11-,27+,15-,23+,13+,31-,22+",True,plasmid_0,22,77536,0.693546,0.69796,143,0.338359,True
plasmid_1,"12-,21+,3-,36-,33-,35-,20-,32+,17-,34-,10-,24+",False,plasmid_1,32,331494,1.214727,0.018097,14,0.383929,False
plasmid_2,"17-,28+,2+,30+,26+,29-,5+,39-,20-,32+",False,plasmid_2,32,569201,1.144952,0.009656,15,0.384868,True
plasmid_3,"37+,39-,20-,32+,17-,28+,7+",False,plasmid_3,32,170847,1.102814,0.03715,28,0.381774,False
plasmid_4,18+,True,plasmid_4,18,3173,15.53241,0.57359,7,0.329972,True
plasmid_5,"24+,6-,21-,1-,21-,8+,24-,14-,34+,17+,38-,20+,35+",False,plasmid_5,17,1448660,0.913586,0.015837,71,0.372483,False
plasmid_6,"28-,17+,38-,20+",True,plasmid_6,17,5730,4.190387,0.882373,11,0.500349,False
plasmid_7,20+,False,plasmid_7,20,1802,0.761105,0.869589,2,0.510544,False
plasmid_8,34+,False,plasmid_8,34,80,1.133447,0.925,1,0.475,False
