,chain,putative,name,seed,length,mean_read_depth,gene_density,num_cds,gc_content,circular
plasmid_0,"105+,49-,56-,72-,68+,47+,105-,154+,85-,68+,54-,105-",True,plasmid_0,47,11031,1.133545,0.785151,101,0.34956,False
plasmid_1,"41+,71-,24-,178+,53+,28+,58+,6+,88+,76+,82+,117+,62+,13+,182+,87-,1+,65-,57-",False,plasmid_1,28,595207,1.035359,0.087113,124,0.371402,False
plasmid_2,"111+,5+,72-,68+,42+",False,plasmid_2,42,204657,0.931801,0.036324,68,0.374275,False
plasmid_3,"154+,85-,68+,59+,68-",True,plasmid_3,59,2321,0.911022,0.582938,24,0.350711,False
plasmid_4,"57+,65+,29-,53-,8-",False,plasmid_4,65,136065,1.493491,0.122574,61,0.399258,False
plasmid_5,"121+,55-,128-,148-,57+,65+",False,plasmid_5,65,3429,6.252778,0.167687,8,0.507145,False
plasmid_6,"95+,19+,119+",False,plasmid_6,119,45258,1.095681,0.001635,1,0.37558,False
plasmid_7,"25-,95+,32-,119+",False,plasmid_7,119,48484,0.843001,0.012231,9,0.362202,False
plasmid_8,119+,False,plasmid_8,119,80,1.669989,0.925,1,0.475,False
