,chain,putative,name,seed,length,mean_read_depth,gene_density,num_cds,gc_content,circular
plasmid_0,"167+,103-,107+,90+,150+,193+,188-,166-,152+,34+,92-,134+,101+,75-,68+",True,plasmid_0,101,28962,1.014767,0.77947,77,0.3603,False
plasmid_1,64+,True,plasmid_1,64,3956,0.446346,0.71815,7,0.296764,False
plasmid_2,"136-,81-,119+,25+",True,plasmid_2,25,38798,0.897605,0.881463,72,0.347569,False
plasmid_3,"136+,77+,62+,115-,53+",True,plasmid_3,53,14897,0.654422,0.565013,20,0.340941,False
plasmid_4,"116-,71+",True,plasmid_4,71,2460,1.026259,0.728862,5,0.39878,True
plasmid_5,51+,True,plasmid_5,51,10136,0.57667,0.74556,39,0.337806,False
plasmid_6,"63-,84-,120-,61+,96+,92-,133-,56+,133+",True,plasmid_6,56,17286,0.715131,0.677716,38,0.339292,False
plasmid_7,"47+,75+,78+",False,plasmid_7,78,14368,0.952722,0.108714,2,0.378619,False
