,chain,putative,name,seed,length,mean_read_depth,gene_density,num_cds,gc_content,circular
plasmid_0,"16+,93-,54+,69+,42+,102-,89-,53+",True,plasmid_0,16,60444,0.563657,0.814605,124,0.34005,False
plasmid_1,31+,True,plasmid_1,31,14469,0.447819,0.696109,15,0.327044,False
plasmid_2,"48+,48+,47-,34+,77+,75+,98+,40-,98-",True,plasmid_2,34,25796,0.787496,0.689797,54,0.360754,False
plasmid_3,"64-,91-,76-,86-,95+,78+,100-,23+,75+",True,plasmid_3,23,24255,1.007733,0.813028,60,0.362894,False
plasmid_4,"22-,93-,55+,69+,45+,89-,53+",True,plasmid_4,45,29590,0.712292,0.523184,27,0.372153,False
plasmid_5,"62+,87-,68+,38+",True,plasmid_5,38,8320,0.735351,0.494952,14,0.354687,False
plasmid_6,"59+,81+,94+,68+,39+",True,plasmid_6,39,8247,0.596502,0.444283,8,0.358312,False
plasmid_7,"14-,56+,33+,56+,25+",False,plasmid_7,56,100010,0.933162,0.019198,1,0.370993,False
plasmid_8,"43-,56+,29-,56-",False,plasmid_8,56,21374,0.629669,0.089829,1,0.332507,False
