,chain,putative,name,seed,length,mean_read_depth,gene_density,num_cds,gc_content,circular
plasmid_0,"26-,35-,10+,35-,18-,45+,42-,57+,47+,29+,27-,60+,52+,37+,46+,42-,56-,22-,56+",True,plasmid_0,47,108086,1.22467,0.802537,231,0.346733,False
plasmid_1,"15+,29-,23+,32-,58-,52+,31+,32-,54+,60+,52+",False,plasmid_1,31,44508,0.911653,0.167049,22,0.359261,False
plasmid_2,"38-,7+,33-,11+,33+,20+,33-,16+,50+,19+,45+,42-,57+",False,plasmid_2,19,285755,0.938115,0.039936,12,0.356298,False
plasmid_3,24+,True,plasmid_3,24,5121,9.191521,0.703769,8,0.368483,True
plasmid_4,"21+,33+",False,plasmid_4,33,14641,0.992048,0.065569,1,0.388976,True
