,chain,putative,name,seed,length,mean_read_depth,gene_density,num_cds,gc_content,circular
plasmid_0,"51-,26-,20-,40+,33-,45+,30+,45-,56+,49-,42+,29+,40+,34+,40-,19-,49-,44+,29+,16-,37-,8-",False,plasmid_0,34,290574,1.042028,0.278938,344,0.364554,False
plasmid_1,"14-,41-,18-,38+,21-,57+,54-,36-,53+,32-,55-,17+,37-,5-,37+,11-,37+,4+,40-,2-,39-,7-,41+,15-,39+,13-,57+",False,plasmid_1,53,1232277,1.015079,0.025304,145,0.371658,False
plasmid_2,"10-,46-,9-,36-,58+,32-,55-,1-,39+,23+,39-,6+,43+,25+,43-,22-,43-,52+,38-,48-,40+,31+,40-,28+,40+,27-,40+,12-,54-,36-,53+,32-,47-,3-,50-,50-",False,plasmid_2,53,1445503,0.99294,0.023136,89,0.378964,False
plasmid_3,"36+,54+",True,plasmid_3,36,1782,2.33304,0.879349,2,0.514029,False
plasmid_4,"47+,32+",True,plasmid_4,32,3893,2.04366,0.896224,9,0.496789,False
plasmid_5,55+,False,plasmid_5,55,80,0.43106,0.925,1,0.475,False
plasmid_6,40+,False,plasmid_6,40,1324,1.072107,0.947885,30,0.362538,False
plasmid_7,38+,False,plasmid_7,38,1338,0.701975,0.881166,4,0.347534,False
plasmid_8,45+,False,plasmid_8,45,809,0.470568,0.849197,65,0.363412,False
