,chain,putative,name,seed,length,mean_read_depth,gene_density,num_cds,gc_content,circular
plasmid_0,33+,True,plasmid_0,33,10201,0.834329,0.871875,22,0.333399,False
plasmid_1,32+,True,plasmid_1,32,12731,0.551199,0.817375,40,0.326212,False
plasmid_2,36+,True,plasmid_2,36,8389,0.445888,0.672309,14,0.313744,False
plasmid_3,21+,True,plasmid_3,21,35174,1.291664,0.879343,56,0.354921,False
plasmid_4,"24+,62-,39-,62+",True,plasmid_4,24,28869,0.963593,0.875922,73,0.359417,False
plasmid_5,47+,True,plasmid_5,47,2761,0.540051,0.629844,17,0.322709,False
plasmid_6,48+,True,plasmid_6,48,2460,0.849248,0.612195,4,0.39878,True
plasmid_7,"17-,51+,31+,51+,28-",False,plasmid_7,51,96629,0.997866,0.01987,1,0.373739,False
plasmid_8,"44+,51+,29-,51-",False,plasmid_8,51,21331,0.443793,0.09001,1,0.332333,False
