,chain,putative,name,seed,length,mean_read_depth,gene_density,num_cds,gc_content,circular
plasmid_0,"55-,87+,81+,114-,50+",True,plasmid_0,50,9308,0.723951,0.706489,33,0.344435,False
plasmid_1,"27-,66-,70+,60+,60+",False,plasmid_1,70,39664,1.11616,0.103721,6,0.392522,False
plasmid_2,"63+,87+,81+,115+,48+,115-",True,plasmid_2,48,9379,0.709187,0.630238,14,0.342361,False
plasmid_3,"37+,51-",True,plasmid_3,37,23187,1.091521,0.71497,48,0.360504,False
plasmid_4,44+,False,plasmid_4,44,8009,0.358521,0.547759,17,0.349732,False
plasmid_5,47+,True,plasmid_5,47,6541,0.535954,0.454518,10,0.36554,False
plasmid_6,"81-,103-,96+,64-",False,plasmid_6,96,2623,1.177591,0.036218,1,0.372474,False
plasmid_7,"81-,103-,96+,1-",False,plasmid_7,96,260166,0.946016,0.000365,1,0.375806,False
