,chain,putative,name,seed,length,mean_read_depth,gene_density,num_cds,gc_content,circular
plasmid_0,"45-,18+,38-,52+,58+,51+,31+,45-,2+,26+,40+,24-,44+,19-,17-,61-",False,plasmid_0,40,468897,0.979199,0.027264,73,0.372847,False
plasmid_1,"15+,35-,26+,40+,24-,30-,3+,29+,8-,44-,24+,65+,26-",False,plasmid_1,40,472428,1.052688,0.020901,14,0.389065,False
plasmid_2,"10-,64-,7-,49+,35-,26+,40+,24-,30-,5+,38-,52+,58+,50+,31+,46+,20-",False,plasmid_2,40,485886,1.049553,0.015314,48,0.379289,False
plasmid_3,"23-,11-,47-,31-,50-,37-,42+,27+",True,plasmid_3,27,66919,1.408714,0.756781,197,0.350663,True
plasmid_4,"31+,47+,25+,21+,42-,37+",True,plasmid_4,21,7514,0.758787,0.555097,26,0.389007,False
plasmid_5,"44-,24+",True,plasmid_5,24,3363,1.156741,0.922985,4,0.492715,False
plasmid_6,26+,True,plasmid_6,26,1903,1.0883,0.823437,2,0.499212,False
plasmid_7,"47+,22-,23+,28-,42-",False,plasmid_7,23,9317,0.751483,0.223355,2,0.349898,False
