,chain,putative,name,seed,length,mean_read_depth,gene_density,num_cds,gc_content,circular
plasmid_0,"51-,26-,20-,40+,33-,45+,30+,45-,56+,49-,42+,29+,40+,34+,40-,19-,49-,44+,29+,16-,37-,8-",False,plasmid_0,34,290574,1.042028,0.270151,173,0.364554,False
plasmid_1,"41-,7+,39+,23+,39-,6+,43+,22+,43+,25-,43-,52+,38-,18+,41+",False,plasmid_1,43,417914,1.069905,0.015326,3,0.371249,False
plasmid_2,"54+,12+,40-,48+,38+,21-,57+,54-,36-,58+",False,plasmid_2,38,117045,1.164363,0.058482,14,0.383758,False
plasmid_3,38+,False,plasmid_3,38,1338,0.421162,0.881166,1,0.347534,False
plasmid_4,"41+,15-,39+,13-,57+",False,plasmid_4,39,143435,1.04409,0.008178,1,0.375982,False
plasmid_5,"32-,55-,1-,39+,2+,40+,4-,37-,11+,37-,5-,37+,17-,55+",False,plasmid_5,39,1480503,0.954326,0.004177,14,0.372135,False
plasmid_6,"31-,40-,28+,40+,27-,40+",False,plasmid_6,40,30737,0.845953,0.114487,5,0.308553,True
plasmid_7,40+,False,plasmid_7,40,1324,1.265548,0.885952,5,0.362538,False
plasmid_8,45+,False,plasmid_8,45,809,0.470568,0.849197,9,0.363412,False
