,chain,putative,name,seed,length,mean_read_depth,gene_density,num_cds,gc_content,circular
plasmid_0,"11+,74+,46+,67+,62+,37+,62+,32-,28+,7+,66-,46-,73+,2-",False,plasmid_0,37,589883,1.001073,0.029675,44,0.376286,False
plasmid_1,"22+,55+,21+",False,plasmid_1,21,30259,0.597634,0.269044,17,0.305628,False
plasmid_2,"47-,10+,28+,67-,46-,75+,56+",False,plasmid_2,28,87393,1.0706,0.050004,13,0.378314,False
plasmid_3,"28+,67-,46-,75+,50-,48+",True,plasmid_3,28,6299,0.806661,0.693761,13,0.385617,False
plasmid_4,"74+,46+,67+,33-,29+,48-",False,plasmid_4,46,7341,0.452483,0.171911,6,0.315216,False
plasmid_5,"46+,67+,25+",False,plasmid_5,46,7375,0.486916,0.273085,10,0.309288,False
plasmid_6,"46+,67+,1+,38+,9+",False,plasmid_6,46,754104,0.861993,0.00214,6,0.373785,False
plasmid_7,"46+,66+,19+",False,plasmid_7,46,21892,0.700147,0.295633,16,0.334917,False
plasmid_8,"46+,67+,40+",False,plasmid_8,46,2083,0.607754,0.278445,5,0.358617,False
