,chain,putative,name,seed,length,mean_read_depth,gene_density,num_cds,gc_content,circular
plasmid_0,"61-,22-,26-,47+,25+,32+,18-,31-,27+",False,plasmid_0,47,64769,1.285861,0.080332,13,0.397752,False
plasmid_1,"13-,68-,26-,47+,25+,51+,16-,30-",False,plasmid_1,47,114793,1.051589,0.041327,7,0.383124,False
plasmid_2,26+,True,plasmid_2,26,1815,7.623455,0.863361,2,0.510193,False
plasmid_3,"73-,25+,32+,2-,59-,43-,39+,12-,29+,4-,71-,62-",False,plasmid_3,25,610167,1.024603,0.007954,28,0.374502,False
plasmid_4,"73-,25+,51+,23+,30-,8-",False,plasmid_4,25,117952,1.016347,0.030716,12,0.37879,False
plasmid_5,"25+,32+",True,plasmid_5,25,3893,3.415793,0.896224,9,0.496532,False
plasmid_6,25+,False,plasmid_6,25,3283,0.492318,0.922936,3,0.493147,False
