,chain,putative,name,seed,length,mean_read_depth,gene_density,num_cds,gc_content,circular
plasmid_0,12+,True,plasmid_0,12,52236,0.998233,0.882418,124,0.350467,False
plasmid_1,"23+,14-,28-,19+,27+,20-,24+,10-",False,plasmid_1,27,114942,1.120044,0.041273,7,0.381514,False
plasmid_2,"13-,25-,17+,22+,19+,27+,20-,8+",False,plasmid_2,27,159374,1.231295,0.032646,13,0.387911,False
plasmid_3,"1+,23+,18+,28-,19+,30+,20-",False,plasmid_3,19,607601,0.992796,0.008542,14,0.371685,False
plasmid_4,"6-,21-,3-,22+,19+,30+,20-",False,plasmid_4,19,490292,1.127293,0.012943,28,0.378338,False
plasmid_5,"22+,19+",True,plasmid_5,19,3897,4.15764,0.895304,9,0.496536,False
plasmid_6,"28-,19+",True,plasmid_6,19,3363,0.420642,0.922985,4,0.493012,False
plasmid_7,28+,False,plasmid_7,28,80,0.891951,0.925,1,0.475,False
plasmid_8,20+,True,plasmid_8,20,1812,6.103111,0.86479,2,0.510486,False
