,chain,putative,name,seed,length,mean_read_depth,gene_density,num_cds,gc_content,circular
plasmid_0,"2+,45-,44+,55-,48+,36-,27+,45-",False,plasmid_0,48,509520,0.955135,0.008777,27,0.373803,False
plasmid_1,"33-,43-,17+,46+,44+,56+,40-,32+,22+,37+,9+,38+,28-",True,plasmid_1,22,126323,1.017551,0.797123,229,0.341925,False
plasmid_2,"46+,44+,56+,31+,32-,52+,38-,5+,55+,44-",False,plasmid_2,31,177712,0.955959,0.035659,12,0.373604,False
plasmid_3,"53+,12+",True,plasmid_3,12,55726,0.749691,0.603471,54,0.362883,True
plasmid_4,"24-,37+,21-,35+,1+,58-,29+",False,plasmid_4,37,648967,0.98997,0.002248,4,0.369441,False
plasmid_5,37+,False,plasmid_5,37,1301,0.927356,0.91545,2,0.431975,False
plasmid_6,"50-,16+,39+,18+,39-,11+,39+,19+,39+,4-,59+,34-",False,plasmid_6,39,527810,0.977038,0.029103,20,0.367172,False
plasmid_7,"38+,52-,32+",True,plasmid_7,32,3638,0.524601,0.846894,4,0.392523,False
