,chain,putative,name,seed,length,mean_read_depth,gene_density,num_cds,gc_content,circular
plasmid_0,"24+,32+,16+",True,plasmid_0,16,81891,1.112127,0.714926,173,0.345642,False
plasmid_1,"37+,39+,43+,40-,43+,9-,33-,13-,51-,35+,21-,35+,6-,42+,31-,62+,30-,23+,36-,1-,38+,15+",False,plasmid_1,39,1018337,1.027265,0.033538,208,0.375129,False
plasmid_2,"10-,42+,31-,48+,30-,58-,37+,3-,34-,28-,35-,50-,25+",False,plasmid_2,48,443203,1.085355,0.013666,15,0.390686,False
plasmid_3,"42+,31-,48+,30-,58-,18+,36-,22-,2-,51-,35+,4+,59+,31-,62+,30-",False,plasmid_3,48,619040,0.996727,0.01665,12,0.375863,False
plasmid_4,31+,False,plasmid_4,31,1782,0.381709,0.879349,2,0.513468,False
plasmid_5,"58+,30+",True,plasmid_5,30,3283,0.480069,0.887907,1,0.492842,False
plasmid_6,"11-,34+,7+,51-,35+,14-,35-,50-,5-,35-",False,plasmid_6,35,476382,0.988358,0.013439,9,0.371727,False
plasmid_7,"27+,51-,35+,8-,60-",False,plasmid_7,35,137753,0.932784,0.007034,4,0.379309,False
plasmid_8,"26+,51-,35+,29+,45+,46+,45+,41-,49+,53+,47+,49+",False,plasmid_8,35,23352,0.883896,0.049717,5,0.319544,False
