,chain,putative,name,seed,length,mean_read_depth,gene_density,num_cds,gc_content,circular
plasmid_0,"25+,32+,16+,60-,32+,19-",True,plasmid_0,16,112580,1.048455,0.476248,140,0.347904,False
plasmid_1,"43+,9-,33-,13-,51-,35+,21-,35+,6-,42+",False,plasmid_1,35,367355,1.078412,0.014506,7,0.384511,False
plasmid_2,"2-,51-,35+,5+,50+,35+,8-",False,plasmid_2,35,657297,0.948001,0.008129,5,0.375686,False
plasmid_3,"10+,51-,35+,14-,35-,50-",False,plasmid_3,35,150638,1.079784,0.012746,1,0.381803,False
plasmid_4,"7+,51-,35+,4+,59+",False,plasmid_4,35,339048,1.015023,0.002831,1,0.371767,False
plasmid_5,"27+,51-,35+,28+,34+",False,plasmid_5,35,18554,1.001363,0.051741,1,0.378786,False
plasmid_6,"26+,51-,35+,29+,45+,46+,45+,41-,49+,53+,47+,49+",False,plasmid_6,35,23352,0.881644,0.049332,2,0.319544,False
