,chain,putative,name,seed,length,mean_read_depth,gene_density,num_cds,gc_content,circular
plasmid_0,"14-,24-,25+,15+",True,plasmid_0,15,18345,0.51182,0.839902,103,0.317525,False
plasmid_1,"33+,18-,19+,7+,19+,22+,33-,24-,25+,9-",True,plasmid_1,22,119933,1.154563,0.850408,299,0.345226,False
plasmid_2,"3+,44+,20+,38-,17-,23-,4+,20+,40+,32+,17-,34-,2+,21-",False,plasmid_2,32,1549544,1.015594,0.016691,62,0.375536,False
plasmid_3,"26-,5+,26+,44+,20+,40+,32+,17-,34-,8+",False,plasmid_3,32,301672,1.136619,0.019803,19,0.38808,False
plasmid_4,"44+,20+,40+,32+,17-,23-,6+",False,plasmid_4,32,161597,1.062368,0.039277,28,0.384667,False
plasmid_5,"34+,17+,38+,20-",True,plasmid_5,17,5161,1.418296,0.905057,6,0.500484,False
plasmid_6,23+,False,plasmid_6,23,610,0.617138,0.752459,6,0.514754,False
plasmid_7,"24-,25+",False,plasmid_7,25,704,0.627703,0.660511,16,0.370739,False
