,chain,putative,name,seed,length,mean_read_depth,gene_density,num_cds,gc_content,circular
plasmid_0,"13+,20+,97+,68-",False,plasmid_0,97,124598,0.937457,0.00569,11,0.373762,False
plasmid_1,"97+,68-,122-,108-,121+,89+,115+,119-",False,plasmid_1,97,854,9.340175,0.222482,3,0.505855,False
plasmid_2,"109+,65-,90+,62+,149+,101-,103-,131-,140-,113-,155-,60+,111+",False,plasmid_2,90,2106,8.785927,0.077398,2,0.486705,False
plasmid_3,"47+,55+,54+,86-,55+,50-,86-",True,plasmid_3,54,18154,0.651655,0.739562,169,0.329294,False
plasmid_4,54+,False,plasmid_4,54,2514,0.552625,0.894988,24,0.392601,False
plasmid_5,29+,True,plasmid_5,29,33966,1.94711,0.891362,156,0.371607,False
plasmid_6,"38-,59+",False,plasmid_6,59,21690,1.529265,0.024574,7,0.403227,False
plasmid_7,"7-,59+",False,plasmid_7,59,120442,1.117899,0.013924,22,0.381188,False
plasmid_8,59+,False,plasmid_8,59,610,3.40987,0.752459,6,0.514754,False
