,chain,putative,name,seed,length,mean_read_depth,gene_density,num_cds,gc_content,circular
plasmid_0,"32+,15+,4-,24+,11+,16-,14-,31+,15+,33-,2+,3-,22+,5-,28+,14-,25+",False,plasmid_0,25,1629428,0.992719,0.017564,70,0.373665,True
plasmid_1,"27+,13+,27-,18+,19-,1-,28+,14-,25+,32+,15+,33-,20+,6-,20-",False,plasmid_1,25,835194,1.005798,0.013942,71,0.37694,False
plasmid_2,"8+,16-,14-,25+,32+,15+,33-",False,plasmid_2,25,161597,1.051375,0.039277,29,0.384636,False
plasmid_3,"18+,19-,12-,26+,18+,10+",True,plasmid_3,10,35738,0.989078,0.853433,174,0.355784,False
plasmid_4,"15-,31-,14+,28-",True,plasmid_4,14,5161,2.75941,0.905057,6,0.499903,False
plasmid_5,16+,False,plasmid_5,16,610,1.243051,0.752459,6,0.514754,False
plasmid_6,"19+,18-,26-,7+",False,plasmid_6,19,165184,1.012724,0.008887,16,0.374661,False
plasmid_7,18+,False,plasmid_7,18,373,1.23355,0.506702,1,0.367292,False
