,chain,putative,name,seed,length,mean_read_depth,gene_density,num_cds,gc_content,circular
plasmid_0,"8-,27+,16-,25+,14-,26+,7-,18-,1-,24+,3+",False,plasmid_0,25,1536193,0.980837,0.003861,10,0.371948,False
plasmid_1,"5-,17-,6+,27+,16-,25+,14-,26+,12+,18-",False,plasmid_1,25,503415,1.065907,0.010602,16,0.381949,False
plasmid_2,"20-,4-,20+,16-,25+,14-,19+,10+,28+,2-,17-",False,plasmid_2,25,831703,1.031711,0.050942,110,0.368522,False
plasmid_3,9+,True,plasmid_3,9,61108,1.009466,0.793317,124,0.329564,True
plasmid_4,"15-,23+,11-,19-,14+,29+,16+,27-",False,plasmid_4,14,31232,1.152953,0.164255,12,0.418225,False
plasmid_5,"26-,14+",True,plasmid_5,14,3363,1.187672,0.922985,4,0.491525,False
plasmid_6,16+,True,plasmid_6,16,1835,1.246223,0.853951,2,0.507357,False
plasmid_7,19+,False,plasmid_7,19,610,0.375937,0.752459,6,0.514754,False
