,chain,putative,name,seed,length,mean_read_depth,gene_density,num_cds,gc_content,circular
plasmid_0,47+,True,plasmid_0,47,6099,0.669827,0.858337,6,0.318085,False
plasmid_1,"42+,20+,67-,69+,93+,88+,60+",True,plasmid_1,42,48054,0.985045,0.852333,84,0.33968,False
plasmid_2,"25+,63-,19-",True,plasmid_2,25,61539,0.828577,0.393328,72,0.345894,False
plasmid_3,"92-,45+,92+,75+,78+,26+,93+,88+,60+",True,plasmid_3,26,30427,0.950584,0.812765,70,0.361685,False
plasmid_4,"75+,51+,57-,40+",False,plasmid_4,51,13121,0.982052,0.134593,13,0.372075,False
plasmid_5,"61+,58-,49+,63+,54+",True,plasmid_5,54,8922,1.53448,0.308115,11,0.371553,False
plasmid_6,"59-,32+,59+,34+,59+,15-,59-,30-",False,plasmid_6,59,117747,0.84749,0.032612,1,0.366506,False
