,chain,putative,name,seed,length,mean_read_depth,gene_density,num_cds,gc_content,circular
plasmid_0,49+,True,plasmid_0,49,9778,0.7756,0.902843,23,0.335856,False
plasmid_1,"45+,85-,81-,51+",True,plasmid_1,45,20700,0.522479,0.66256,47,0.323623,False
plasmid_2,67+,False,plasmid_2,67,3240,0.330068,0.647222,2,0.319444,False
plasmid_3,"34+,87+,77+,80+,58-,93+,47+",True,plasmid_3,34,45811,0.917534,0.598437,54,0.345899,False
plasmid_4,29+,True,plasmid_4,29,32045,0.981789,0.877672,81,0.363364,False
plasmid_5,"71+,88+,43+",True,plasmid_5,43,15686,0.770184,0.548451,19,0.345404,False
plasmid_6,"46+,85-,91+",True,plasmid_6,46,11220,0.674521,0.5,9,0.338146,False
plasmid_7,"18-,74+,42+,74+,39+",False,plasmid_7,74,91850,0.986327,0.020904,1,0.377278,False
plasmid_8,"55-,74+,61-",False,plasmid_8,74,13664,0.627606,0.070258,1,0.345141,False
