,chain,putative,name,seed,length,mean_read_depth,gene_density,num_cds,gc_content,circular
plasmid_0,"21+,11+,34-,18-,32+,20-,2-",False,plasmid_0,32,504002,1.003591,0.009702,9,0.373455,False
plasmid_1,"19+,29-,13-,22-,18-,32+,20-,26-,9+",False,plasmid_1,32,93321,1.136327,0.055754,13,0.392334,False
plasmid_2,10+,True,plasmid_2,10,60896,0.784917,0.802237,137,0.343668,False
plasmid_3,"35-,4-,35+,26+,20+,37-,18+,34+,14+,21-,5+",False,plasmid_3,18,514485,1.068574,0.01147,18,0.382264,False
plasmid_4,"26+,20+,37-,18+,22+,6+",False,plasmid_4,18,166326,1.049924,0.037721,27,0.382875,False
plasmid_5,"18+,34+",True,plasmid_5,18,3363,1.292361,0.922985,4,0.492417,False
plasmid_6,20+,True,plasmid_6,20,1815,1.243142,0.863361,2,0.510193,False
