,chain,putative,name,seed,length,mean_read_depth,gene_density,num_cds,gc_content,circular
plasmid_0,30+,True,plasmid_0,30,5143,13.933642,0.700953,8,0.368073,True
plasmid_1,"68-,31-,42+,3+,53+",False,plasmid_1,42,221635,0.985718,0.005338,2,0.366679,False
plasmid_2,"33-,42+,26+,68+",False,plasmid_2,42,13589,0.831094,0.087056,2,0.353816,False
plasmid_3,42+,False,plasmid_3,42,1241,0.824545,0.953263,2,0.435939,False
plasmid_4,"63+,11+,44+,5+,48+",False,plasmid_4,44,236997,1.247975,0.004051,1,0.394967,False
plasmid_5,"37+,21+,44+,27-,68+",False,plasmid_5,44,37599,1.112314,0.025533,1,0.386367,False
plasmid_6,"44+,18+",False,plasmid_6,44,53100,1.05581,0.018079,1,0.374783,False
plasmid_7,"59+,50+,58-,35+,51+,24-,51+,47+,68+,45-,67-,20+",False,plasmid_7,51,49256,1.378356,0.265836,37,0.340365,False
plasmid_8,"24-,51+",True,plasmid_8,51,16431,2.024719,0.44556,7,0.343375,True
