,chain,putative,name,seed,length,mean_read_depth,gene_density,num_cds,gc_content,circular
plasmid_0,33+,True,plasmid_0,33,19509,1.057914,0.768671,51,0.324824,False
plasmid_1,"25+,63+,55+,67-,61-,73-",True,plasmid_1,25,43597,1.741184,0.788059,73,0.350116,False
plasmid_2,"48-,68+,30+,75+,71+,63+,65+,53+,67-,85-,73-,70+,83+,78+,82+,40+",True,plasmid_2,30,44849,0.942948,0.551428,73,0.353653,False
plasmid_3,"46-,77+,68+,72+,47+",True,plasmid_3,47,13565,0.974199,0.660229,39,0.351419,False
plasmid_4,"62-,36+,62+,38-,62+,20-,62-,35+",False,plasmid_4,62,117885,0.872082,0.032574,1,0.366416,False
plasmid_5,"15+,77+,68+,72+,1+",False,plasmid_5,72,343154,1.00116,0.00329,2,0.376102,False
