,chain,putative,name,seed,length,mean_read_depth,gene_density,num_cds,gc_content,circular
plasmid_0,"24-,9-,20-,40+,17-,44-,1+,41+,29+,32-,18-,36+,19-,36+,23-,21-,15-,21+,33-,41+",False,plasmid_0,40,1018448,0.999656,0.032941,220,0.370017,False
plasmid_1,"25+,3-,28-,27-,24-,5-,45-,20-,40+,17-,25+,6-,31+,29-,42+,16-,42-",False,plasmid_1,40,749117,1.071709,0.068997,191,0.382636,False
plasmid_2,"45+,38+,35+,4+,35-,39+,45-,20-,40+,17-,44-,10-,21+,2-,32+,29-",False,plasmid_2,40,835871,0.945447,0.0153,46,0.377932,False
plasmid_3,"46+,50+,48+,37-,46+,49+,30+,34+,43+,34+,12+,31+,29-",True,plasmid_3,12,17926,0.842528,0.496709,26,0.297612,False
plasmid_4,"26-,28+,7-,22-,14+,22-,8-,22+,13-,22-,11+,37-",False,plasmid_4,14,283255,1.017454,0.043533,20,0.361957,False
plasmid_5,20+,True,plasmid_5,20,1748,2.171533,0.896453,2,0.517162,False
plasmid_6,"25-,17+",True,plasmid_6,17,3889,1.56988,0.897146,9,0.4973,False
plasmid_7,29+,False,plasmid_7,29,373,0.726804,0.506702,1,0.367292,False
