,chain,putative,name,seed,length,mean_read_depth,gene_density,num_cds,gc_content,circular
plasmid_0,"5+,60+,43-,46+,38-,64-,28-,31+,36+,56+,26+,33+,57-,64+,32+,33+,58-,38+,35-,31+,50-,60+",False,plasmid_0,26,193276,0.927295,0.050001,34,0.368768,False
plasmid_1,"48-,12+",True,plasmid_1,12,68770,1.381563,0.840715,146,0.340003,True
plasmid_2,"61-,24+,61+,43-,47+,18+,48+",True,plasmid_2,18,31413,1.101576,0.853532,71,0.362302,False
plasmid_3,"56+,27+",True,plasmid_3,27,2460,1.080505,0.728862,5,0.39878,True
plasmid_4,"53+,53+,49+,55+,62+,55+,20+,47-,43+",True,plasmid_4,20,18073,0.611063,0.472085,11,0.29829,False
plasmid_5,"42+,7-,34-,13+,34+,22+,34+,21-,34-,17-,53+",False,plasmid_5,34,282858,0.972764,0.013576,1,0.361715,False
plasmid_6,34+,False,plasmid_6,34,1065,0.405717,0.901408,1,0.353991,False
