,chain,putative,name,seed,length,mean_read_depth,gene_density,num_cds,gc_content,circular
plasmid_0,"70+,60-,80-,67-,88-,74-,92+,50-,89-,63-,73-,82+,90+,19+",True,plasmid_0,19,55764,0.981673,0.721415,113,0.348343,True
plasmid_1,"86+,25+,62+,42-",False,plasmid_1,62,43100,0.896837,0.082065,4,0.36109,False
plasmid_2,"100-,15-,62+,14-,66-",False,plasmid_2,62,159117,1.169201,0.006033,1,0.390505,False
plasmid_3,62+,False,plasmid_3,62,1063,1.779084,0.903104,1,0.344309,False
plasmid_4,"59-,80-,68-,88-,75-,92+,51-,89-,63-,73-,81-,90+,20-,70+",False,plasmid_4,70,52920,1.057181,0.214815,28,0.351644,True
plasmid_5,"70+,59-,80-,68-,88-,75-,92+,51-,89-,64+,73-",False,plasmid_5,70,9108,0.537353,0.1278,6,0.378349,False
