,chain,putative,name,seed,length,mean_read_depth,gene_density,num_cds,gc_content,circular
plasmid_0,"26-,39-,37+,45+,16-",True,plasmid_0,37,54594,0.548656,0.506759,72,0.347163,False
plasmid_1,"15+,47-,27+,45-",True,plasmid_1,15,51529,0.843486,0.825108,89,0.346562,False
plasmid_2,"58+,31+,58-,51-,52+,29+",True,plasmid_2,29,16109,0.858895,0.762369,42,0.350301,False
plasmid_3,"39+,30+",False,plasmid_3,30,10402,0.37002,0.657374,14,0.336666,False
plasmid_4,"51-,28+,25+,56+,61+,40-",True,plasmid_4,25,24363,1.048725,0.761893,56,0.3642,False
plasmid_5,32+,True,plasmid_5,32,5121,2.845274,0.703964,8,0.368287,True
plasmid_6,"21-,43+,24-,43+,12-",False,plasmid_6,43,96248,0.979109,0.019948,1,0.374397,False
plasmid_7,"43-,23+,43+,33+",False,plasmid_7,43,21328,0.62196,0.090023,1,0.33238,False
plasmid_8,43+,False,plasmid_8,43,1065,0.332231,0.901408,1,0.353991,False
