,chain,putative,name,seed,length,mean_read_depth,gene_density,num_cds,gc_content,circular
plasmid_0,"49-,27-,49+,39+,51+,4-,50-,39+,52+,34-,47-,44-,47-,43+,42+,53-,36+,48+,37+,18-,38-,5-,52-",False,plasmid_0,48,396128,1.05253,0.048154,116,0.379314,False
plasmid_1,"47-,44-,47-,43+,42+,53-,36+,48+,37+,3-",False,plasmid_1,48,217841,1.000149,0.027208,21,0.377629,False
plasmid_2,"10+,40-,24+,42+,53-,36+,48+,37+,45+,23-",False,plasmid_2,48,180590,1.249738,0.078875,27,0.398378,False
plasmid_3,25+,True,plasmid_3,25,21027,0.992667,0.5482,39,0.349313,False
plasmid_4,37+,True,plasmid_4,37,1815,3.742672,0.863361,2,0.510193,False
plasmid_5,"8+,41+,21+,53-,36+,54+",False,plasmid_5,36,155022,0.975333,0.019275,2,0.376785,False
plasmid_6,"6+,41+,26+,36+,54+",False,plasmid_6,36,147303,0.937808,0.023808,10,0.377127,False
plasmid_7,36+,True,plasmid_7,36,3249,2.017286,0.896891,1,0.492459,False
plasmid_8,39+,False,plasmid_8,39,943,6.139595,0.638388,2,0.369035,False
