,chain,putative,name,seed,length,mean_read_depth,gene_density,num_cds,gc_content,circular
plasmid_0,"7+,40-,17-,33-,28-,39+,25+,39-,51+,43+,34+,24+,33-,29+,33+,18-,43+,37+,24+,15-,31-,8-,41+",False,plasmid_0,29,401630,1.048377,0.198359,175,0.367012,False
plasmid_1,"2-,35-,13-,32+,48-,36-,22+,36+,20+,36+",False,plasmid_1,36,349726,1.015037,0.011606,2,0.369555,True
plasmid_2,"30+,12-,33+,26-,32+,23+,46+,44+,45-,38-,32+,19-,52-,30-,55-",False,plasmid_2,32,135110,1.038194,0.077263,18,0.375131,False
plasmid_3,32+,False,plasmid_3,32,1338,0.912742,0.881166,1,0.347534,False
plasmid_4,"50+,16+,31-,5-,31+,11+,31+,4+,33+,1+,50-,27-",False,plasmid_4,33,1517048,0.937341,0.003301,13,0.370967,False
plasmid_5,33+,False,plasmid_5,33,1324,0.5254,0.885952,5,0.362538,False
plasmid_6,"51+,43+",False,plasmid_6,43,458,0.36634,0.60262,1,0.327511,False
