,chain,putative,name,seed,length,mean_read_depth,gene_density,num_cds,gc_content,circular
plasmid_0,"7+,40-,17-,33-,28-,39+,25+,39-,51+,43+,34+,24+,33-,29+,33+,18-,43+,37+,24+,15-,31-,8-,41+,27-,55+,30+,12-,33+,1+,50-,27-",False,plasmid_0,29,1489941,0.941308,0.072295,431,0.371219,False
plasmid_1,"24+,33-,4-,31-,11-,31-,5-,31+,16-,50-,27-,49+,30+,52+,19+,32-,13+,35+,14+",False,plasmid_1,49,690365,1.023962,0.029848,95,0.373149,False
plasmid_2,"47+,47+,3-,41+,27-,49+,30+,52+",False,plasmid_2,49,235085,1.10813,0.022132,13,0.398167,False
plasmid_3,"50-,27-,49+,30+",True,plasmid_3,49,5250,1.773334,0.903619,7,0.501143,False
plasmid_4,30+,False,plasmid_4,30,1782,0.683959,0.879349,2,0.514029,False
plasmid_5,41+,False,plasmid_5,41,610,0.668629,0.752459,6,0.514754,False
plasmid_6,"33+,26-,32+,23+,46+,44+,45-,38-,32+,48-,36-,20-,36-,22-,36+,2-,35-,6-,40+,21+",False,plasmid_6,33,468606,0.990289,0.039718,62,0.365488,False
plasmid_7,32+,False,plasmid_7,32,1338,1.13895,0.881166,4,0.347534,False
plasmid_8,"43-,51-,39+",False,plasmid_8,39,1267,0.436289,0.760063,66,0.350434,False
