,chain,putative,name,seed,length,mean_read_depth,gene_density,num_cds,gc_content,circular
plasmid_0,"64+,67+,28-,68+,61+,80+,62-,9+",False,plasmid_0,80,130650,1.132284,0.04039,14,0.387409,False
plasmid_1,"42+,82-,61+,80+,62-",False,plasmid_1,80,22455,1.219328,0.23438,15,0.400891,False
plasmid_2,23+,True,plasmid_2,23,42508,0.939005,0.840783,93,0.358238,False
plasmid_3,52+,True,plasmid_3,52,6366,0.475669,0.727615,6,0.331448,False
plasmid_4,45+,False,plasmid_4,45,13104,0.335069,0.513736,22,0.305861,False
plasmid_5,62+,True,plasmid_5,62,1815,6.500985,0.863361,2,0.510193,False
plasmid_6,"6+,68+,61+,93-",False,plasmid_6,61,114527,1.11192,0.041099,26,0.386031,False
plasmid_7,"68+,61+",True,plasmid_7,61,3893,3.704301,0.896224,9,0.496532,False
plasmid_8,"66+,22+,82-,61+,93-",False,plasmid_8,61,50800,0.915254,0.061102,4,0.383465,False
